Date,Ticker,Adj Close,Close,High,Low,Open,Volume,rolling_volume,greater_than_rolling_mean
2023-01-02,RVNL.NS,66.7907943725586,68.55000305175781,69.4000015258789,67.80000305175781,68.25,5203364.0,5203364.0,
2023-01-03,RVNL.NS,70.10353088378906,71.94999694824219,71.94999694824219,68.75,69.19999694824219,21672205.0,13437784.5,
2023-01-04,RVNL.NS,71.51632690429688,73.4000015258789,75.0,72.3499984741211,73.55000305175781,17255566.0,14710378.333333334,0.0
2023-01-05,RVNL.NS,70.20097351074219,72.05000305175781,74.6500015258789,71.0999984741211,74.1500015258789,6983515.0,12778662.5,0.0
2023-01-06,RVNL.NS,70.59070587158203,72.44999694824219,74.30000305175781,71.4000015258789,73.6500015258789,8186267.0,11860183.4,0.0
2023-01-09,RVNL.NS,70.29840087890625,72.1500015258789,74.44999694824219,71.80000305175781,74.0,4675388.0,10662717.5,0.0
2023-01-10,RVNL.NS,68.54459381103516,70.3499984741211,72.5,69.94999694824219,72.19999694824219,4668639.0,9806420.57142857,0.0
2023-01-11,RVNL.NS,70.34711456298828,72.19999694824219,72.69999694824219,70.3499984741211,70.9000015258789,6309231.0,9369271.875,0.0
2023-01-12,RVNL.NS,73.854736328125,75.80000305175781,75.80000305175781,72.30000305175781,72.69999694824219,30422685.0,11708540.0,0.0
2023-01-13,RVNL.NS,77.50849914550781,79.55000305175781,79.55000305175781,77.19999694824219,77.80000305175781,23634703.0,12901156.3,0.0
2023-01-16,RVNL.NS,74.8290786743164,76.80000305175781,81.75,76.30000305175781,81.30000305175781,21961954.0,13724865.181818182,0.0
2023-01-17,RVNL.NS,72.53937530517578,74.44999694824219,77.5,73.5,76.80000305175781,10587375.0,13463407.666666666,0.0
2023-01-18,RVNL.NS,76.14442443847656,78.1500015258789,78.1500015258789,76.19999694824219,76.5,16306972.0,13682143.384615384,0.0
2023-01-19,RVNL.NS,75.21880340576172,77.19999694824219,79.8499984741211,77.05000305175781,78.0999984741211,12203134.0,13576499.857142856,0.0
2023-01-20,RVNL.NS,74.78035736083984,76.75,79.0,76.5999984741211,77.69999694824219,8218975.0,13219331.533333333,0.0
2023-01-23,RVNL.NS,74.19575500488281,76.1500015258789,77.55000305175781,76.0,77.55000305175781,3657558.0,12621720.6875,0.0
2023-01-24,RVNL.NS,73.51371002197266,75.44999694824219,77.19999694824219,75.25,76.0999984741211,3555260.0,12088399.470588235,0.0
2023-01-25,RVNL.NS,73.75729370117188,75.69999694824219,77.5,75.0999984741211,76.0,6912585.0,11800854.222222222,0.0
2023-01-27,RVNL.NS,71.0291519165039,72.9000015258789,76.80000305175781,71.94999694824219,76.5,7990713.0,11600320.47368421,0.0
2023-01-30,RVNL.NS,70.63941955566406,72.5,74.9000015258789,71.4000015258789,73.0,5743643.0,11307486.6,0.0
2023-01-31,RVNL.NS,74.14703369140625,76.0999984741211,76.0999984741211,72.4000015258789,73.19999694824219,11721363.0,11327195.0,0.0
2023-02-01,RVNL.NS,70.78557586669922,72.6500015258789,79.44999694824219,72.30000305175781,77.9000015258789,23016937.0,12175460.38095238,0.0
2023-02-02,RVNL.NS,71.90606689453125,73.80000305175781,75.5999984741211,73.0,73.0,7695165.0,11509887.047619049,0.0
2023-02-03,RVNL.NS,70.4445571899414,72.30000305175781,75.19999694824219,71.0999984741211,74.5999984741211,5977975.0,10972858.904761905,0.0
2023-02-06,RVNL.NS,69.51892852783203,71.3499984741211,72.80000305175781,70.30000305175781,72.75,4082199.0,10967122.7,0.0
2023-02-07,RVNL.NS,70.006103515625,71.8499984741211,73.8499984741211,71.55000305175781,73.0999984741211,6924317.0,10774608.142857144,0.0
2023-02-08,RVNL.NS,71.6624755859375,73.55000305175781,75.75,71.0,72.5,10476774.0,11050864.61904762,0.0
2023-02-09,RVNL.NS,70.63941955566406,72.5,74.25,71.8499984741211,73.55000305175781,4784724.0,11056392.476190476,0.0
2023-02-10,RVNL.NS,69.76251983642578,71.5999984741211,72.5,71.5,72.44999694824219,3393279.0,10917537.61904762,0.0
2023-02-13,RVNL.NS,67.47282409667969,69.25,71.0999984741211,69.0,71.0,5530564.0,9037073.3,0.0
2023-02-14,RVNL.NS,68.05742645263672,69.8499984741211,71.25,67.44999694824219,69.19999694824219,7080814.0,8943918.095238095,0.0
2023-02-15,RVNL.NS,68.934326171875,70.75,71.25,69.3499984741211,70.0,4186961.0,8097489.857142857,0.0
2023-02-16,RVNL.NS,68.49588775634766,70.30000305175781,71.6500015258789,70.1500015258789,71.0,3320801.0,7751462.523809524,0.0
2023-02-17,RVNL.NS,66.69335174560547,68.44999694824219,70.19999694824219,68.0,70.19999694824219,4849471.0,7205867.238095238,0.0
2023-02-20,RVNL.NS,64.64725494384766,66.3499984741211,68.75,66.0999984741211,68.69999694824219,4067913.0,6748450.8,0.0
2023-02-21,RVNL.NS,63.283172607421875,64.94999694824219,66.5999984741211,64.25,66.3499984741211,7580165.0,6788056.238095238,0.0
2023-02-22,RVNL.NS,60.7011833190918,62.29999923706055,64.6500015258789,61.79999923706055,63.900001525878906,7458180.0,6969038.238095238,0.0
2023-02-23,RVNL.NS,63.380615234375,65.05000305175781,66.30000305175781,61.54999923706055,62.29999923706055,13077206.0,7422464.238095238,0.0
2023-02-24,RVNL.NS,61.48065185546875,63.099998474121094,67.4000015258789,62.849998474121094,67.0,11041811.0,7619094.047619048,0.0
2023-02-27,RVNL.NS,59.678131103515625,61.25,63.099998474121094,61.099998474121094,62.900001525878906,5107341.0,7481790.619047619,0.0
2023-02-28,RVNL.NS,55.975650787353516,57.45000076293945,61.599998474121094,57.150001525878906,61.45000076293945,12672298.0,7717722.7727272725,0.0
2023-03-01,RVNL.NS,56.99870681762695,58.5,59.400001525878906,56.04999923706055,57.5,13757147.0,8081972.954545454,0.0
2023-03-02,RVNL.NS,63.965213775634766,65.6500015258789,67.5,61.79999923706055,62.0,89921655.0,11636531.681818182,0.0
2023-03-03,RVNL.NS,64.11136627197266,65.80000305175781,68.4000015258789,64.6500015258789,66.9000015258789,30085137.0,11957813.5,0.0
2023-03-06,RVNL.NS,63.72163391113281,65.4000015258789,66.80000305175781,65.1500015258789,66.0,12489978.0,12470892.142857144,0.0
2023-03-08,RVNL.NS,62.35755920410156,64.0,65.25,63.79999923706055,65.25,8326899.0,12673020.714285715,0.0
2023-03-09,RVNL.NS,64.50109100341797,66.19999694824219,66.9000015258789,63.849998474121094,64.1500015258789,17999131.0,13200392.80952381,0.0
2023-03-10,RVNL.NS,64.89083099365234,66.5999984741211,67.30000305175781,64.75,65.9000015258789,14685079.0,13400788.285714285,0.0
2023-03-13,RVNL.NS,62.30884552001953,63.95000076293945,66.5999984741211,63.599998474121094,66.5,8235118.0,14073683.45,0.0
2023-03-14,RVNL.NS,61.67552185058594,63.29999923706055,64.25,62.04999923706055,63.04999923706055,8885622.0,13826632.904761905,0.0
2023-03-15,RVNL.NS,61.042205810546875,62.650001525878906,64.6500015258789,62.20000076293945,64.0,5484970.0,13824461.761904761,0.0
2023-03-16,RVNL.NS,60.40888214111328,62.0,62.45000076293945,60.29999923706055,62.400001525878906,6603537.0,13801734.285714285,0.0
2023-03-17,RVNL.NS,61.33450698852539,62.95000076293945,64.5999984741211,62.650001525878906,64.0,10572194.0,14105793.0,0.0
2023-03-20,RVNL.NS,62.94215774536133,64.5999984741211,64.8499984741211,63.650001525878906,63.75,14611658.0,15133151.95,0.0
2023-03-21,RVNL.NS,62.50370788574219,64.1500015258789,65.9000015258789,63.5,65.5999984741211,7922128.0,14789769.857142856,0.0
2023-03-22,RVNL.NS,63.9164924621582,65.5999984741211,65.8499984741211,63.70000076293945,64.0999984741211,8352816.0,14993812.857142856,0.0
2023-03-23,RVNL.NS,63.03959274291992,64.69999694824219,65.4000015258789,64.5,65.30000305175781,4343060.0,14839665.0,0.0
2023-03-24,RVNL.NS,63.08831024169922,64.75,66.19999694824219,64.25,65.69999694824219,12029374.0,15057340.904761905,0.0
2023-03-27,RVNL.NS,64.79340362548828,66.5,67.1500015258789,63.70000076293945,65.3499984741211,15200230.0,15364268.6,0.0
2023-03-28,RVNL.NS,64.50109100341797,66.19999694824219,66.94999694824219,64.5999984741211,66.69999694824219,8572136.0,15040833.714285715,0.0
2023-03-29,RVNL.NS,65.32928466796875,67.05000305175781,67.4000015258789,65.19999694824219,65.94999694824219,8258998.0,15190912.61904762,0.0
2023-03-31,RVNL.NS,66.83950805664062,68.5999984741211,69.69999694824219,67.30000305175781,67.9000015258789,16282805.0,15443126.25,0.0
2023-04-03,RVNL.NS,73.4162826538086,75.3499984741211,76.19999694824219,70.0,70.0,53179154.0,12738678.263157895,0.0
2023-04-05,RVNL.NS,73.27012634277344,75.19999694824219,77.5999984741211,74.0999984741211,76.6500015258789,29291754.0,13622982.263157895,0.0
2023-04-06,RVNL.NS,73.73910522460938,73.9000015258789,74.69999694824219,73.0999984741211,74.25,14057553.0,13644710.8,0.0
2023-04-10,RVNL.NS,74.13823699951172,74.30000305175781,74.8499984741211,72.8499984741211,74.0999984741211,12834318.0,13595412.5,0.0
2023-04-11,RVNL.NS,73.33998107910156,73.5,74.5999984741211,73.25,74.4000015258789,5899954.0,13190388.368421054,0.0
2023-04-12,RVNL.NS,72.59161376953125,72.75,74.19999694824219,72.5,73.69999694824219,7311924.0,13141799.210526315,0.0
2023-04-13,RVNL.NS,73.3898696899414,73.55000305175781,74.9000015258789,73.0999984741211,73.19999694824219,10190008.0,13210451.105263159,0.0
2023-04-17,RVNL.NS,72.94084930419922,73.0999984741211,73.6500015258789,72.55000305175781,73.44999694824219,4423677.0,13691855.705882354,0.0
2023-04-18,RVNL.NS,74.83670806884766,75.0,77.19999694824219,73.25,73.25,20665863.0,14079300.555555556,0.0
2023-04-19,RVNL.NS,74.28790283203125,74.44999694824219,75.80000305175781,74.0999984741211,75.4000015258789,7903694.0,13706635.888888888,0.0
2023-04-20,RVNL.NS,76.93213653564453,77.0999984741211,77.80000305175781,74.4000015258789,74.9000015258789,27529013.0,14795907.277777778,0.0
2023-04-21,RVNL.NS,77.33126831054688,77.5,79.75,76.69999694824219,78.94999694824219,26606072.0,15809977.055555556,0.0
2023-04-24,RVNL.NS,87.55895233154297,87.75,88.75,76.80000305175781,77.5,124186965.0,23082006.94117647,0.0
2023-04-25,RVNL.NS,104.37226867675781,104.5999984741211,105.30000305175781,88.3499984741211,88.69999694824219,265783162.0,36565404.44444445,0.0
2023-04-26,RVNL.NS,104.52194213867188,104.75,114.69999694824219,100.25,108.05000305175781,395800528.0,57709865.44444445,0.0
2023-04-27,RVNL.NS,102.97531127929688,103.19999694824219,106.0,100.75,104.94999694824219,95231203.0,62524258.05555555,0.0
2023-04-28,RVNL.NS,107.31584930419922,107.55000305175781,111.0,103.80000305175781,104.25,109682443.0,68158893.8888889,0.0
2023-05-02,RVNL.NS,118.04244232177734,118.30000305175781,118.30000305175781,112.5,112.5,92737237.0,72406362.33333333,0.0
2023-05-03,RVNL.NS,129.81675720214844,130.10000610351562,130.10000610351562,121.55000305175781,122.5,141043167.0,77287696.3888889,0.0
2023-05-04,RVNL.NS,129.01849365234375,129.3000030517578,139.4499969482422,124.30000305175781,135.75,108787376.0,78945574.26315789,0.0
2023-05-05,RVNL.NS,141.3415985107422,141.64999389648438,142.1999969482422,126.6500015258789,128.5,89930074.0,82137064.78947368,0.0
2023-05-08,RVNL.NS,134.70608520507812,135.0,144.39999389648438,134.60000610351562,142.0,54717503.0,84277062.15789473,0.0
2023-05-09,RVNL.NS,127.97077941894531,128.25,137.4499969482422,128.25,135.0,28750628.0,81500740.45,0.0
2023-05-10,RVNL.NS,121.58470916748047,121.8499984741211,124.69999694824219,121.8499984741211,123.19999694824219,4063117.0,81062180.4,0.0
2023-05-11,RVNL.NS,126.42414855957031,126.69999694824219,127.9000015258789,119.0,120.5,51443098.0,83339337.6,0.0
2023-05-12,RVNL.NS,120.13787078857422,120.4000015258789,128.64999389648438,120.4000015258789,127.4000015258789,21812742.0,84064378.5,0.0
2023-05-15,RVNL.NS,120.43721008300781,120.69999694824219,124.94999694824219,117.0999984741211,123.5,22629191.0,84686337.65,0.0
2023-05-16,RVNL.NS,118.49146270751953,118.75,122.3499984741211,116.69999694824219,121.8499984741211,19515392.0,81582959.28571428,0.0
2023-05-17,RVNL.NS,121.58470916748047,121.8499984741211,124.4000015258789,119.1500015258789,119.5,27047616.0,82660289.71428572,0.0
2023-05-18,RVNL.NS,120.58688354492188,120.8499984741211,124.19999694824219,119.1500015258789,123.69999694824219,11139331.0,82206645.33333333,0.0
2023-05-19,RVNL.NS,115.94700622558594,116.19999694824219,122.4000015258789,115.19999694824219,121.69999694824219,15519596.0,82569307.33333333,0.0
2023-05-22,RVNL.NS,115.64766693115234,115.9000015258789,119.5,113.8499984741211,116.5,22110096.0,85096523.25,0.0
2023-05-23,RVNL.NS,112.75398254394531,113.0,116.80000305175781,112.6500015258789,116.25,13243599.0,81674955.42857143,0.0
2023-05-24,RVNL.NS,114.74962615966797,115.0,118.6500015258789,111.0,112.19999694824219,25125303.0,76957733.42857143,0.0
2023-05-25,RVNL.NS,114.5999526977539,114.8499984741211,116.3499984741211,113.69999694824219,115.69999694824219,8586978.0,64710296.0952381,0.0
2023-05-26,RVNL.NS,115.59777069091797,115.8499984741211,118.19999694824219,114.75,115.6500015258789,11470740.0,46408877.61904762,0.0
2023-05-29,RVNL.NS,121.33525085449219,121.5999984741211,121.5999984741211,116.5999984741211,116.94999694824219,21255724.0,39546425.4,0.0
2023-05-30,RVNL.NS,115.29843139648438,115.55000305175781,119.4000015258789,115.55000305175781,117.5,21325891.0,38678780.9047619,0.0
2023-05-31,RVNL.NS,119.73873901367188,120.0,121.30000305175781,110.5999984741211,112.6500015258789,37688329.0,38633760.36363637,0.0
2023-06-01,RVNL.NS,118.19210815429688,118.44999694824219,123.44999694824219,118.05000305175781,122.94999694824219,15717749.0,35132874.54545455,0.0
2023-06-02,RVNL.NS,117.69319915771484,117.94999694824219,119.75,117.1500015258789,119.30000305175781,7803213.0,29076513.0,0.0
2023-06-05,RVNL.NS,116.69537353515625,116.94999694824219,119.0999984741211,116.0999984741211,116.0999984741211,11124037.0,21528089.19047619,0.0
2023-06-06,RVNL.NS,119.58906555175781,119.8499984741211,121.0,116.9000015258789,117.25,17258863.0,21334033.454545453,0.0
2023-06-07,RVNL.NS,126.82328033447266,127.0999984741211,132.1999969482422,121.0,121.4000015258789,77730167.0,22380063.636363637,0.0
2023-06-08,RVNL.NS,125.07708740234375,125.3499984741211,129.60000610351562,123.0999984741211,128.75,20246282.0,21993502.454545453,0.0
2023-06-09,RVNL.NS,124.97731018066406,125.25,126.80000305175781,122.19999694824219,125.94999694824219,13927005.0,22441861.0,0.0
2023-06-12,RVNL.NS,123.53047180175781,123.80000305175781,126.6500015258789,123.5,125.80000305175781,8927831.0,20447282.523809522,0.0
2023-06-13,RVNL.NS,121.68448638916016,121.94999694824219,124.44999694824219,121.6500015258789,124.3499984741211,9442611.0,19947070.181818184,0.0
2023-06-14,RVNL.NS,123.43067932128906,123.69999694824219,125.75,121.5999984741211,122.4000015258789,13905348.0,19550531.863636363,0.0
2023-06-15,RVNL.NS,122.6324234008789,122.9000015258789,125.30000305175781,122.6500015258789,124.25,8875001.0,19066877.727272727,0.0
2023-06-16,RVNL.NS,122.58253479003906,122.8499984741211,124.80000305175781,122.0999984741211,123.30000305175781,10555409.0,18317231.954545453,0.0
2023-06-19,RVNL.NS,124.17904663085938,124.44999694824219,127.80000305175781,123.0,123.19999694824219,15461555.0,18656272.904761903,0.0
2023-06-20,RVNL.NS,122.43285369873047,122.69999694824219,124.4000015258789,118.0,118.0,26873495.0,19029783.0,0.0
2023-06-21,RVNL.NS,123.53047180175781,123.80000305175781,127.75,123.0,127.0,18687198.0,18874196.727272727,0.0
2023-06-22,RVNL.NS,123.18122100830078,123.44999694824219,124.4000015258789,121.80000305175781,124.25,8259055.0,18647626.545454547,0.0
2023-06-23,RVNL.NS,120.88623809814453,121.1500015258789,123.6500015258789,120.3499984741211,123.6500015258789,6318403.0,17792767.454545453,0.0
2023-06-26,RVNL.NS,123.03155517578125,123.30000305175781,124.69999694824219,122.30000305175781,123.0,9499004.0,18137246.19047619,0.0
2023-06-27,RVNL.NS,123.6302490234375,123.9000015258789,127.5999984741211,123.19999694824219,123.80000305175781,18696042.0,18162646.0,0.0
2023-06-28,RVNL.NS,123.6302490234375,123.9000015258789,123.9000015258789,123.9000015258789,123.9000015258789,0.0,17196476.727272727,0.0
2023-06-30,RVNL.NS,121.63460540771484,121.9000015258789,123.5999984741211,121.5,123.55000305175781,6977844.0,15537433.904761905,0.0
2023-07-03,RVNL.NS,121.58470916748047,121.8499984741211,123.0,121.5,122.9000015258789,6882222.0,15482368.6,0.0
2023-07-04,RVNL.NS,121.68448638916016,121.94999694824219,123.69999694824219,121.25,121.80000305175781,6978884.0,15077440.761904761,0.0
2023-07-05,RVNL.NS,123.8298110961914,124.0999984741211,126.0,121.0,122.0,17210344.0,15367264.904761905,0.0
2023-07-06,RVNL.NS,122.58253479003906,122.8499984741211,125.19999694824219,122.5999984741211,124.0,8323469.0,14941769.952380951,0.0
2023-07-07,RVNL.NS,121.63460540771484,121.9000015258789,124.44999694824219,121.5999984741211,123.5,9294602.0,11682933.523809524,0.0
2023-07-10,RVNL.NS,121.98384094238281,122.25,125.19999694824219,121.8499984741211,123.9000015258789,9605491.0,11038690.4,0.0
2023-07-11,RVNL.NS,120.6866683959961,120.94999694824219,123.5999984741211,120.6500015258789,123.0,8036326.0,10895720.666666666,0.0
2023-07-12,RVNL.NS,120.43721008300781,120.69999694824219,122.4000015258789,119.5999984741211,121.44999694824219,10302856.0,10961198.047619049,0.0
2023-07-13,RVNL.NS,118.39167785644531,118.6500015258789,121.30000305175781,117.05000305175781,121.0999984741211,7946038.0,10889932.666666666,0.0
2023-07-14,RVNL.NS,119.23983001708984,119.5,121.8499984741211,118.9000015258789,121.0,8863951.0,10649866.142857144,0.0
2023-07-17,RVNL.NS,119.3895034790039,119.6500015258789,121.5,118.75,120.0999984741211,8493109.0,10635494.4,0.0
2023-07-18,RVNL.NS,119.3895034790039,119.6500015258789,121.80000305175781,119.1500015258789,120.44999694824219,10815497.0,10644065.952380951,0.0
2023-07-19,RVNL.NS,119.63895416259766,119.9000015258789,121.25,119.55000305175781,120.5,5903962.0,10188942.476190476,0.0
2023-07-20,RVNL.NS,128.4197998046875,128.6999969482422,129.8000030517578,119.1500015258789,120.0999984741211,71718021.0,12324396.095238095,0.0
2023-07-21,RVNL.NS,136.35247802734375,136.64999389648438,139.0,130.10000610351562,130.4499969482422,103032705.0,16340848.80952381,0.0
2023-07-24,RVNL.NS,135.45445251464844,135.75,146.64999389648438,132.6999969482422,141.14999389648438,70774038.0,19967720.25,0.0
2023-07-25,RVNL.NS,129.2679443359375,129.5500030517578,135.5,128.0,135.5,39446235.0,20895268.57142857,0.0
2023-07-26,RVNL.NS,133.9577178955078,134.25,135.5500030517578,130.5500030517578,131.14999389648438,34898129.0,22104750.714285713,0.0
2023-07-27,RVNL.NS,125.72567749023438,126.0,130.39999389648438,125.0,126.0,61077617.0,24122920.95238095,0.0
2023-07-28,RVNL.NS,120.6866683959961,120.94999694824219,123.1500015258789,119.6500015258789,122.75,74826227.0,27686074.61904762,0.0
2023-07-31,RVNL.NS,123.8298110961914,124.0999984741211,125.69999694824219,122.25,122.69999694824219,54533231.0,29950616.85714286,0.0
2023-08-01,RVNL.NS,124.82763671875,125.0999984741211,126.5,124.55000305175781,125.9000015258789,29234876.0,29918083.181818184,0.0
2023-08-02,RVNL.NS,123.28101348876953,123.55000305175781,126.25,121.75,125.0,23973096.0,30694941.09090909,0.0
2023-08-03,RVNL.NS,123.03155517578125,123.30000305175781,125.0999984741211,122.1500015258789,124.0,14425991.0,31033445.954545453,0.0
2023-08-04,RVNL.NS,122.38297271728516,122.6500015258789,124.19999694824219,122.25,123.94999694824219,11897709.0,30791962.545454547,0.0
2023-08-07,RVNL.NS,124.87752532958984,125.1500015258789,125.9000015258789,122.6500015258789,124.0,24525745.0,32587183.333333332,0.0
2023-08-08,RVNL.NS,123.6302490234375,123.9000015258789,126.0999984741211,122.8499984741211,125.94999694824219,14079922.0,31745944.181818184,0.0
2023-08-09,RVNL.NS,126.87317657470703,127.1500015258789,129.14999389648438,123.55000305175781,124.4000015258789,44912351.0,33350801.454545453,0.0
2023-08-10,RVNL.NS,126.32437133789062,126.5999984741211,128.64999389648438,126.0,127.5,18515076.0,33827108.27272727,0.0
2023-08-11,RVNL.NS,125.82545471191406,126.0999984741211,127.5999984741211,125.75,127.19999694824219,10302756.0,33827103.72727273,0.0
2023-08-14,RVNL.NS,124.97731018066406,125.25,127.3499984741211,123.25,127.30000305175781,11631292.0,35191313.571428575,0.0
2023-08-16,RVNL.NS,124.37861633300781,124.6500015258789,126.80000305175781,124.0999984741211,124.94999694824219,16655371.0,35579992.71428572,0.0
2023-08-17,RVNL.NS,124.57817840576172,124.8499984741211,126.69999694824219,124.25,125.25,12231236.0,35647408.85714286,0.0
2023-08-18,RVNL.NS,122.58253479003906,122.8499984741211,125.25,122.4000015258789,124.80000305175781,9816820.0,35833735.428571425,0.0
2023-08-21,RVNL.NS,124.22894287109375,124.5,125.19999694824219,122.80000305175781,123.25,12614724.0,29518622.1,0.0
2023-08-22,RVNL.NS,124.27883911132812,124.55000305175781,125.5999984741211,124.0,125.19999694824219,8220149.0,28504409.095238097,0.0
2023-08-23,RVNL.NS,124.32872009277344,124.5999984741211,126.19999694824219,124.05000305175781,125.0,10090234.0,25614704.14285714,0.0
2023-08-24,RVNL.NS,124.57817840576172,124.8499984741211,128.75,124.44999694824219,125.19999694824219,21592871.0,24764543.95238095,0.0
2023-08-25,RVNL.NS,123.6302490234375,123.9000015258789,125.55000305175781,123.0,124.0,9332051.0,23547111.666666668,0.0
2023-08-28,RVNL.NS,126.57382202148438,126.8499984741211,127.8499984741211,123.69999694824219,124.25,20693995.0,18963974.8,0.0
2023-08-29,RVNL.NS,127.47186279296875,127.75,132.85000610351562,127.1500015258789,128.89999389648438,73184822.0,21545919.904761903,0.0
2023-08-30,RVNL.NS,128.22023010253906,128.5,131.0,128.0500030517578,128.8000030517578,24386109.0,20110342.666666668,0.0
2023-08-31,RVNL.NS,130.76467895507812,131.0500030517578,132.8000030517578,130.0,130.5,28446824.0,20072816.38095238,0.0
2023-09-01,RVNL.NS,137.9989013671875,138.3000030517578,139.0,130.60000610351562,131.8000030517578,72952804.0,22405183.42857143,0.0
2023-09-04,RVNL.NS,154.0638427734375,154.39999389648438,163.4499969482422,142.60000610351562,143.0,243994049.0,34408960.05,0.0
2023-09-05,RVNL.NS,156.40872192382812,156.75,163.0,152.6999969482422,158.0,93875981.0,37240722.952380955,0.0
2023-09-06,RVNL.NS,149.5237579345703,149.85000610351562,156.89999389648438,148.0,156.89999389648438,50668451.0,38485613.71428572,0.0
2023-09-07,RVNL.NS,153.56492614746094,153.89999389648438,157.39999389648438,148.9499969482422,150.6999969482422,47181664.0,40061887.14285714,0.0
2023-09-08,RVNL.NS,162.49545288085938,162.85000610351562,165.8000030517578,154.35000610351562,154.75,94642035.0,42429967.333333336,0.0
2023-09-11,RVNL.NS,189.08741760253906,189.5,191.75,168.10000610351562,169.0,229093837.0,54565265.95,0.0
2023-09-12,RVNL.NS,169.48020935058594,169.85000610351562,199.25,161.14999389648438,196.5,185688235.0,60809216.85714286,0.0
2023-09-13,RVNL.NS,166.33706665039062,166.6999969482422,175.60000610351562,158.1999969482422,166.6999969482422,123372887.0,66130245.190476194,0.0
2023-09-14,RVNL.NS,170.5778045654297,170.9499969482422,174.6999969482422,168.3000030517578,171.0,54896101.0,65619602.27272727,0.0
2023-09-15,RVNL.NS,169.779541015625,170.14999389648438,172.5,168.25,172.4499969482422,37898734.0,66585209.68181818,0.0
2023-09-18,RVNL.NS,164.99000549316406,165.35000610351562,171.75,164.10000610351562,171.75,17676535.0,69547766.28571428,0.0
2023-09-20,RVNL.NS,163.4499969482422,163.4499969482422,168.75,160.5,163.8000030517578,19113572.0,69857235.23809524,0.0
2023-09-21,RVNL.NS,158.8000030517578,158.8000030517578,165.60000610351562,158.0,163.3000030517578,17920990.0,70319180.04761904,0.0
2023-09-22,RVNL.NS,166.85000610351562,166.85000610351562,167.9499969482422,158.6999969482422,160.0,34462689.0,71479773.14285715,0.0
2023-09-25,RVNL.NS,169.8000030517578,169.8000030517578,171.6999969482422,164.8000030517578,167.35000610351562,34727498.0,75243890.6,0.0
2023-09-26,RVNL.NS,166.6999969482422,166.6999969482422,170.75,165.3000030517578,170.3000030517578,15986625.0,72422116.04761904,0.0
2023-09-27,RVNL.NS,168.5,168.5,170.25,166.8000030517578,167.39999389648438,14165805.0,72111249.85714285,0.0
2023-09-28,RVNL.NS,166.10000610351562,166.10000610351562,169.8000030517578,165.25,169.35000610351562,12565456.0,69224613.38095239,0.0
2023-09-29,RVNL.NS,169.4499969482422,169.4499969482422,171.9499969482422,166.1999969482422,166.9499969482422,15240934.0,68789128.85714285,0.0
2023-10-03,RVNL.NS,172.5,172.5,176.89999389648438,170.39999389648438,170.85000610351562,27914702.0,68554339.0,0.0
2023-10-04,RVNL.NS,171.14999389648438,171.14999389648438,174.4499969482422,168.4499969482422,173.39999389648438,18738459.0,57291559.5,0.0
2023-10-05,RVNL.NS,170.1999969482422,170.1999969482422,173.3000030517578,169.3000030517578,172.10000610351562,10154669.0,53105493.9,0.0
2023-10-06,RVNL.NS,170.0500030517578,170.0500030517578,172.8000030517578,168.60000610351562,170.8000030517578,11080543.0,51126098.5,0.0
2023-10-09,RVNL.NS,161.25,161.25,166.25,160.25,165.5,21811811.0,47500530.631578945,0.0
2023-10-10,RVNL.NS,165.35000610351562,165.35000610351562,167.35000610351562,162.5,162.5,16819515.0,45966479.85,0.0
2023-10-11,RVNL.NS,165.1999969482422,165.1999969482422,168.35000610351562,164.75,166.39999389648438,8395665.0,34931571.25,0.0
2023-10-12,RVNL.NS,164.89999389648438,164.89999389648438,167.4499969482422,164.25,166.35000610351562,7194861.0,26006902.55,0.0
2023-10-13,RVNL.NS,168.0,168.0,170.8000030517578,163.25,163.8000030517578,27614191.0,21218967.75,0.0
2023-10-16,RVNL.NS,165.9499969482422,165.9499969482422,168.75,165.35000610351562,168.0,8047553.0,17875372.263157893,0.0
2023-10-17,RVNL.NS,170.35000610351562,170.35000610351562,174.1999969482422,166.0,167.1999969482422,39872845.0,18975245.9,0.0
2023-10-18,RVNL.NS,167.0,167.0,171.6999969482422,166.5,170.75,12134308.0,18698134.55,0.0
2023-10-19,RVNL.NS,166.75,166.75,168.39999389648438,164.5500030517578,166.0,7683165.0,18173612.19047619,0.0
2023-10-20,RVNL.NS,168.25,168.25,172.5500030517578,166.75,167.6999969482422,17925748.0,18117049.14285714,0.0
2023-10-23,RVNL.NS,157.75,157.75,169.1999969482422,156.0,168.9499969482422,15748746.0,17191154.95,0.0
2023-10-25,RVNL.NS,151.14999389648438,151.14999389648438,162.35000610351562,147.0500030517578,160.0,22285809.0,16569070.5,0.0
2023-10-26,RVNL.NS,151.5,151.5,152.89999389648438,142.14999389648438,148.75,28015351.0,17170506.8,0.0
2023-10-27,RVNL.NS,157.6999969482422,157.6999969482422,158.5,152.60000610351562,153.10000610351562,16533451.0,17288889.1,0.0
2023-10-30,RVNL.NS,156.35000610351562,156.35000610351562,159.3000030517578,153.6999969482422,158.39999389648438,10466570.0,17286208.52631579,0.0
2023-10-31,RVNL.NS,154.14999389648438,154.14999389648438,159.9499969482422,153.5,157.1999969482422,11535283.0,16998662.25,0.0
2023-11-01,RVNL.NS,153.0,153.0,155.64999389648438,152.60000610351562,155.0,7934752.0,16567047.476190476,0.0
2023-11-02,RVNL.NS,154.0500030517578,154.0500030517578,155.75,153.35000610351562,155.0,6654814.0,15554671.857142856,0.0
2023-11-03,RVNL.NS,154.0,154.0,155.6999969482422,153.39999389648438,155.0500030517578,8110790.0,15048592.38095238,0.0
2023-11-06,RVNL.NS,154.5,154.5,157.3000030517578,154.0500030517578,155.0,9802051.0,15229363.95,0.0
2023-11-07,RVNL.NS,156.14999389648438,156.14999389648438,158.5,154.39999389648438,155.3000030517578,10398420.0,14999319.0,0.0
2023-11-08,RVNL.NS,162.0500030517578,162.0500030517578,162.9499969482422,156.3000030517578,156.89999389648438,20438743.0,14933934.80952381,0.0
2023-11-09,RVNL.NS,160.6999969482422,160.6999969482422,164.35000610351562,160.0,163.0,12066384.0,14707595.238095239,0.0
2023-11-10,RVNL.NS,156.1999969482422,156.1999969482422,158.9499969482422,155.3000030517578,157.60000610351562,10860264.0,14824957.095238095,0.0
2023-11-13,RVNL.NS,156.89999389648438,156.89999389648438,157.9499969482422,156.60000610351562,157.75,5658184.0,14108661.55,0.0
2023-11-15,RVNL.NS,160.5500030517578,160.5500030517578,162.89999389648438,158.60000610351562,162.0,10489711.0,14230769.45,0.0
2023-11-16,RVNL.NS,158.4499969482422,158.4499969482422,160.6999969482422,158.14999389648438,160.14999389648438,5767081.0,12525481.25,0.0
2023-11-17,RVNL.NS,166.85000610351562,166.85000610351562,169.0,158.10000610351562,158.75,49242214.0,14380876.55,0.0
2023-11-20,RVNL.NS,164.6999969482422,164.6999969482422,169.60000610351562,164.0500030517578,167.64999389648438,15508870.0,14606183.578947369,0.0
2023-11-21,RVNL.NS,166.89999389648438,166.89999389648438,171.10000610351562,165.3000030517578,165.60000610351562,18276062.0,14789677.5,0.0
2023-11-22,RVNL.NS,165.8000030517578,165.8000030517578,167.89999389648438,163.6999969482422,167.60000610351562,10600693.0,14532274.85,0.0
2023-11-23,RVNL.NS,166.8000030517578,166.8000030517578,168.1999969482422,165.60000610351562,166.1999969482422,8264019.0,14233786.476190476,0.0
2023-11-24,RVNL.NS,167.0,167.0,168.5,165.3000030517578,166.9499969482422,9140137.0,13607802.095238095,0.0
2023-11-28,RVNL.NS,166.10000610351562,166.10000610351562,168.6999969482422,165.5500030517578,167.25,9900235.0,12555763.85,0.0
2023-11-29,RVNL.NS,165.35000610351562,165.35000610351562,167.5,165.0500030517578,166.75,7582017.0,12411536.2,0.0
2023-11-30,RVNL.NS,164.1999969482422,164.1999969482422,165.75,162.10000610351562,165.4499969482422,10151856.0,12342364.85,0.0
2023-12-01,RVNL.NS,165.0,165.0,169.35000610351562,164.25,164.85000610351562,10803510.0,12485802.75,0.0
2023-12-04,RVNL.NS,172.39999389648438,172.39999389648438,175.60000610351562,166.89999389648438,169.0,42370540.0,14595841.631578946,0.0
2023-12-05,RVNL.NS,170.0,170.0,174.25,168.5,173.3000030517578,13059659.0,14519032.5,0.0
2023-12-06,RVNL.NS,170.85000610351562,170.85000610351562,173.4499969482422,167.75,170.39999389648438,15836447.0,14820752.3,0.0
2023-12-07,RVNL.NS,170.10000610351562,170.10000610351562,171.75,167.75,168.10000610351562,10201395.0,14810901.05,0.0
2023-12-08,RVNL.NS,171.14999389648438,171.14999389648438,175.75,169.5500030517578,171.0,24620500.0,15019988.9,0.0
2023-12-11,RVNL.NS,178.35000610351562,178.35000610351562,180.8000030517578,171.8000030517578,172.0,51111463.0,17293925.94736842,0.0
2023-12-12,RVNL.NS,177.9499969482422,177.9499969482422,185.60000610351562,176.60000610351562,183.25,32976209.0,18078040.1,0.0
2023-12-13,RVNL.NS,176.9499969482422,176.9499969482422,179.4499969482422,175.1999969482422,178.75,10438818.0,18317071.8,0.0
2023-12-14,RVNL.NS,181.75,181.75,187.1999969482422,178.0500030517578,178.5,53402614.0,19987811.904761903,0.0
2023-12-15,RVNL.NS,183.14999389648438,183.14999389648438,187.0,181.1999969482422,183.25,33011787.0,21060291.714285713,0.0
2023-12-18,RVNL.NS,182.60000610351562,182.60000610351562,184.1999969482422,179.35000610351562,184.0,14940222.0,20109852.65,0.0
2023-12-19,RVNL.NS,183.85000610351562,183.85000610351562,187.89999389648438,182.9499969482422,183.1999969482422,23085130.0,20251532.523809522,0.0
2023-12-20,RVNL.NS,172.10000610351562,172.10000610351562,187.5,170.0,187.39999389648438,27386563.0,20817136.95238095,0.0
2023-12-21,RVNL.NS,177.39999389648438,177.39999389648438,178.25,165.60000610351562,170.8000030517578,19234072.0,20862756.476190478,0.0
2023-12-22,RVNL.NS,176.89999389648438,176.89999389648438,178.6999969482422,175.0,178.39999389648438,8887707.0,20781185.714285713,0.0
2023-12-26,RVNL.NS,178.64999389648438,178.64999389648438,180.5,175.39999389648438,177.75,9823977.0,21441236.05,0.0
2023-12-27,RVNL.NS,177.8000030517578,177.8000030517578,180.8000030517578,176.5500030517578,179.35000610351562,6991847.0,20753169.904761903,0.0
2023-12-28,RVNL.NS,177.39999389648438,177.39999389648438,178.9499969482422,176.0,178.60000610351562,6859414.0,20608368.904761903,0.0
2023-12-29,RVNL.NS,181.5500030517578,181.5500030517578,184.64999389648438,177.14999389648438,177.39999389648438,20186770.0,21208595.23809524,0.0
2024-01-01,RVNL.NS,182.0,182.0,185.60000610351562,181.10000610351562,181.89999389648438,13833701.0,21912941.75,0.0
2024-01-02,RVNL.NS,180.8000030517578,180.8000030517578,183.39999389648438,177.5,182.39999389648438,7909774.0,21246124.23809524,0.0
2024-01-03,RVNL.NS,185.3000030517578,185.3000030517578,189.0,182.75,182.89999389648438,45596593.0,21399745.80952381,0.0
2024-01-04,RVNL.NS,185.5,185.5,188.39999389648438,184.5,186.64999389648438,15879759.0,21534036.285714287,0.0
2024-01-05,RVNL.NS,184.64999389648438,184.64999389648438,186.89999389648438,183.0,186.35000610351562,10233509.0,21267229.714285713,0.0
2024-01-08,RVNL.NS,182.10000610351562,182.10000610351562,185.5,181.3000030517578,185.4499969482422,8211288.0,21000060.85,0.0
2024-01-09,RVNL.NS,185.3000030517578,185.3000030517578,187.1999969482422,181.85000610351562,183.0500030517578,11569461.0,20550984.666666668,0.0
2024-01-10,RVNL.NS,197.39999389648438,197.39999389648438,199.1999969482422,182.85000610351562,186.0,72587866.0,21573670.523809522,0.0
2024-01-11,RVNL.NS,199.8000030517578,199.8000030517578,205.39999389648438,198.5500030517578,200.75,51040633.0,22433881.19047619,0.0
2024-01-12,RVNL.NS,203.25,203.25,207.0,198.5500030517578,200.8000030517578,29429746.0,23338211.095238097,0.0
2024-01-15,RVNL.NS,220.64999389648438,220.64999389648438,230.64999389648438,203.5500030517578,204.25,136773825.0,27023092.85,0.0
2024-01-16,RVNL.NS,223.5500030517578,223.5500030517578,231.9499969482422,219.0,225.0,68897751.0,29017124.19047619,0.0
2024-01-17,RVNL.NS,240.39999389648438,240.39999389648438,245.89999389648438,216.0500030517578,223.39999389648438,114133165.0,33740597.666666664,0.0
2024-01-18,RVNL.NS,243.60000610351562,243.60000610351562,251.39999389648438,227.0500030517578,247.60000610351562,105611386.0,37670419.38095238,0.0
2024-01-19,RVNL.NS,291.25,291.25,292.29998779296875,245.0,245.75,178930889.0,44886815.85714286,0.0
2024-01-22,RVNL.NS,291.25,291.25,291.25,291.25,291.25,0.0,45725067.7,0.0
2024-01-23,RVNL.NS,288.75,288.75,345.5,288.3500061035156,332.0,80917623.0,47400903.666666664,0.0
